--
-- PostgreSQL database dump
--

-- Dumped from database version 12.2
-- Dumped by pg_dump version 13.3

SET statement_timeout = 0;
SET lock_timeout = 0;
SET idle_in_transaction_session_timeout = 0;
SET client_encoding = 'UTF8';
SET standard_conforming_strings = on;
SELECT pg_catalog.set_config('search_path', '', false);
SET check_function_bodies = false;
SET xmloption = content;
SET client_min_messages = warning;
SET row_security = off;

SET default_tablespace = '';

SET default_table_access_method = heap;

--
-- Name: albums; Type: TABLE; Schema: public; Owner: recruitd_user
--

CREATE TABLE public.albums (
    id bigint NOT NULL,
    name character varying NOT NULL,
    created_at timestamp without time zone NOT NULL,
    updated_at timestamp without time zone NOT NULL
);


ALTER TABLE public.albums OWNER TO recruitd_user;

--
-- Name: albums_id_seq; Type: SEQUENCE; Schema: public; Owner: recruitd_user
--

CREATE SEQUENCE public.albums_id_seq
    START WITH 1
    INCREMENT BY 1
    NO MINVALUE
    NO MAXVALUE
    CACHE 1;


ALTER TABLE public.albums_id_seq OWNER TO recruitd_user;

--
-- Name: albums_id_seq; Type: SEQUENCE OWNED BY; Schema: public; Owner: recruitd_user
--

ALTER SEQUENCE public.albums_id_seq OWNED BY public.albums.id;


--
-- Name: ar_internal_metadata; Type: TABLE; Schema: public; Owner: recruitd_user
--

CREATE TABLE public.ar_internal_metadata (
    key character varying NOT NULL,
    value character varying,
    created_at timestamp without time zone NOT NULL,
    updated_at timestamp without time zone NOT NULL
);


ALTER TABLE public.ar_internal_metadata OWNER TO recruitd_user;

--
-- Name: photos; Type: TABLE; Schema: public; Owner: recruitd_user
--

CREATE TABLE public.photos (
    id bigint NOT NULL,
    name character varying NOT NULL,
    album_id bigint,
    created_at timestamp without time zone NOT NULL,
    updated_at timestamp without time zone NOT NULL
);


ALTER TABLE public.photos OWNER TO recruitd_user;

--
-- Name: photos_id_seq; Type: SEQUENCE; Schema: public; Owner: recruitd_user
--

CREATE SEQUENCE public.photos_id_seq
    START WITH 1
    INCREMENT BY 1
    NO MINVALUE
    NO MAXVALUE
    CACHE 1;


ALTER TABLE public.photos_id_seq OWNER TO recruitd_user;

--
-- Name: photos_id_seq; Type: SEQUENCE OWNED BY; Schema: public; Owner: recruitd_user
--

ALTER SEQUENCE public.photos_id_seq OWNED BY public.photos.id;


--
-- Name: schema_migrations; Type: TABLE; Schema: public; Owner: recruitd_user
--

CREATE TABLE public.schema_migrations (
    version character varying NOT NULL
);


ALTER TABLE public.schema_migrations OWNER TO recruitd_user;

--
-- Name: users; Type: TABLE; Schema: public; Owner: recruitd_user
--

CREATE TABLE public.users (
    id bigint NOT NULL,
    email character varying DEFAULT ''::character varying NOT NULL,
    encrypted_password character varying DEFAULT ''::character varying NOT NULL,
    reset_password_token character varying,
    reset_password_sent_at timestamp without time zone,
    remember_created_at timestamp without time zone,
    first_name character varying,
    last_name character varying,
    created_at timestamp without time zone NOT NULL,
    updated_at timestamp without time zone NOT NULL
);


ALTER TABLE public.users OWNER TO recruitd_user;

--
-- Name: users_id_seq; Type: SEQUENCE; Schema: public; Owner: recruitd_user
--

CREATE SEQUENCE public.users_id_seq
    START WITH 1
    INCREMENT BY 1
    NO MINVALUE
    NO MAXVALUE
    CACHE 1;


ALTER TABLE public.users_id_seq OWNER TO recruitd_user;

--
-- Name: users_id_seq; Type: SEQUENCE OWNED BY; Schema: public; Owner: recruitd_user
--

ALTER SEQUENCE public.users_id_seq OWNED BY public.users.id;


--
-- Name: albums id; Type: DEFAULT; Schema: public; Owner: recruitd_user
--

ALTER TABLE ONLY public.albums ALTER COLUMN id SET DEFAULT nextval('public.albums_id_seq'::regclass);


--
-- Name: photos id; Type: DEFAULT; Schema: public; Owner: recruitd_user
--

ALTER TABLE ONLY public.photos ALTER COLUMN id SET DEFAULT nextval('public.photos_id_seq'::regclass);


--
-- Name: users id; Type: DEFAULT; Schema: public; Owner: recruitd_user
--

ALTER TABLE ONLY public.users ALTER COLUMN id SET DEFAULT nextval('public.users_id_seq'::regclass);


--
-- Data for Name: albums; Type: TABLE DATA; Schema: public; Owner: recruitd_user
--

COPY public.albums (id, name, created_at, updated_at) FROM stdin;
1	Serena Breitenberg	2021-09-05 04:15:51.897073	2021-09-05 04:15:51.897073
2	Crystle Nicolas DVM	2021-09-05 04:15:51.93803	2021-09-05 04:15:51.93803
3	Brady Hills	2021-09-05 04:15:51.947997	2021-09-05 04:15:51.947997
4	Kortney Hahn	2021-09-05 04:15:51.963783	2021-09-05 04:15:51.963783
5	Marlon Wisozk	2021-09-05 04:15:51.969952	2021-09-05 04:15:51.969952
6	Leora Huels	2021-09-05 04:15:51.98236	2021-09-05 04:15:51.98236
7	Ms. Richard Harber	2021-09-05 04:15:51.988653	2021-09-05 04:15:51.988653
8	Giovanni Buckridge	2021-09-05 04:15:51.9985	2021-09-05 04:15:51.9985
9	Monroe Ebert	2021-09-05 04:15:52.008111	2021-09-05 04:15:52.008111
10	Caridad Hahn	2021-09-05 04:15:52.018254	2021-09-05 04:15:52.018254
11	Magan Littel	2021-09-05 04:15:52.02795	2021-09-05 04:15:52.02795
12	Rochel Bednar DVM	2021-09-05 04:15:52.034351	2021-09-05 04:15:52.034351
13	Lajuana Dietrich	2021-09-05 04:15:52.052872	2021-09-05 04:15:52.052872
14	Lou Bernier III	2021-09-05 04:15:52.088283	2021-09-05 04:15:52.088283
15	Michele Osinski	2021-09-05 04:15:52.101351	2021-09-05 04:15:52.101351
16	Shaneka Murazik	2021-09-05 04:15:52.117584	2021-09-05 04:15:52.117584
17	Toby Quitzon	2021-09-05 04:15:52.124118	2021-09-05 04:15:52.124118
18	Latashia Gleason	2021-09-05 04:15:52.133413	2021-09-05 04:15:52.133413
19	Bobbie Bahringer	2021-09-05 04:15:52.142791	2021-09-05 04:15:52.142791
20	Cecil Treutel	2021-09-05 04:15:52.161643	2021-09-05 04:15:52.161643
21	Tiana Funk MD	2021-09-05 04:15:52.171279	2021-09-05 04:15:52.171279
22	Milan Carter Jr.	2021-09-05 04:15:52.187157	2021-09-05 04:15:52.187157
23	Mr. Waltraud Stokes	2021-09-05 04:15:52.194012	2021-09-05 04:15:52.194012
24	Maryln Treutel Sr.	2021-09-05 04:15:52.213486	2021-09-05 04:15:52.213486
25	Renda Hintz	2021-09-05 04:15:52.22264	2021-09-05 04:15:52.22264
26	Kyle Lind	2021-09-05 04:15:52.235074	2021-09-05 04:15:52.235074
27	Sebastian Barrows Sr.	2021-09-05 04:15:52.241383	2021-09-05 04:15:52.241383
28	Idalia Stokes	2021-09-05 04:15:52.247498	2021-09-05 04:15:52.247498
29	Neta Turcotte	2021-09-05 04:15:52.266542	2021-09-05 04:15:52.266542
30	Dion Kulas	2021-09-05 04:15:52.290403	2021-09-05 04:15:52.290403
31	Barbera Harvey	2021-09-05 04:15:52.304047	2021-09-05 04:15:52.304047
32	Mitzi Beer	2021-09-05 04:15:52.318991	2021-09-05 04:15:52.318991
33	Hershel Wilderman	2021-09-05 04:15:52.327059	2021-09-05 04:15:52.327059
34	Chana Gleason	2021-09-05 04:15:52.350018	2021-09-05 04:15:52.350018
35	Calvin Kub	2021-09-05 04:15:52.377422	2021-09-05 04:15:52.377422
36	Marty Luettgen	2021-09-05 04:15:52.385177	2021-09-05 04:15:52.385177
37	Dr. Isiah Nitzsche	2021-09-05 04:15:52.397962	2021-09-05 04:15:52.397962
38	Amb. Shannan Torp	2021-09-05 04:15:52.41464	2021-09-05 04:15:52.41464
39	Brent Ritchie	2021-09-05 04:15:52.435349	2021-09-05 04:15:52.435349
40	Scott Klocko	2021-09-05 04:15:52.448711	2021-09-05 04:15:52.448711
41	Lakeesha Leannon	2021-09-05 04:15:52.467089	2021-09-05 04:15:52.467089
42	Seymour Reynolds	2021-09-05 04:15:52.50178	2021-09-05 04:15:52.50178
43	Vivienne Mueller Jr.	2021-09-05 04:15:52.512276	2021-09-05 04:15:52.512276
44	Amb. Randal Ward	2021-09-05 04:15:52.546508	2021-09-05 04:15:52.546508
45	Tobias Batz	2021-09-05 04:15:52.575942	2021-09-05 04:15:52.575942
46	Larisa Romaguera	2021-09-05 04:15:52.622472	2021-09-05 04:15:52.622472
47	Ronald Abernathy	2021-09-05 04:15:52.635798	2021-09-05 04:15:52.635798
48	Lavera Halvorson	2021-09-05 04:15:52.648719	2021-09-05 04:15:52.648719
49	Shauna Goodwin DVM	2021-09-05 04:15:52.654926	2021-09-05 04:15:52.654926
50	Veola Schumm	2021-09-05 04:15:52.667398	2021-09-05 04:15:52.667398
\.


--
-- Data for Name: ar_internal_metadata; Type: TABLE DATA; Schema: public; Owner: recruitd_user
--

COPY public.ar_internal_metadata (key, value, created_at, updated_at) FROM stdin;
environment	development	2021-09-02 18:11:16.108489	2021-09-02 18:11:16.108489
\.


--
-- Data for Name: photos; Type: TABLE DATA; Schema: public; Owner: recruitd_user
--

COPY public.photos (id, name, album_id, created_at, updated_at) FROM stdin;
1	Yasmine Kris	1	2021-09-05 04:15:51.924302	2021-09-05 04:15:51.924302
2	Stephnie Ernser	1	2021-09-05 04:15:51.928542	2021-09-05 04:15:51.928542
3	Cedrick Renner IV	1	2021-09-05 04:15:51.931595	2021-09-05 04:15:51.931595
4	Mitchel Kunde	1	2021-09-05 04:15:51.934719	2021-09-05 04:15:51.934719
5	Msgr. Rex Kling	2	2021-09-05 04:15:51.941114	2021-09-05 04:15:51.941114
6	Tabitha VonRueden	2	2021-09-05 04:15:51.945199	2021-09-05 04:15:51.945199
7	Gene Wilkinson	3	2021-09-05 04:15:51.950902	2021-09-05 04:15:51.950902
8	The Hon. Laverna Hermiston	3	2021-09-05 04:15:51.954182	2021-09-05 04:15:51.954182
9	Msgr. Eldon Hyatt	3	2021-09-05 04:15:51.957733	2021-09-05 04:15:51.957733
10	Jan Kling	3	2021-09-05 04:15:51.961063	2021-09-05 04:15:51.961063
11	Pres. Kent Veum	4	2021-09-05 04:15:51.966859	2021-09-05 04:15:51.966859
12	Jill Cole	5	2021-09-05 04:15:51.973212	2021-09-05 04:15:51.973212
13	Jenine Marks	5	2021-09-05 04:15:51.976371	2021-09-05 04:15:51.976371
14	Brendon Lockman	5	2021-09-05 04:15:51.979376	2021-09-05 04:15:51.979376
15	Alethia Schmidt	6	2021-09-05 04:15:51.985418	2021-09-05 04:15:51.985418
16	Jasper Upton	7	2021-09-05 04:15:51.992155	2021-09-05 04:15:51.992155
17	Marge Collins	7	2021-09-05 04:15:51.995504	2021-09-05 04:15:51.995504
18	Lanny Cummings V	8	2021-09-05 04:15:52.001634	2021-09-05 04:15:52.001634
19	Jerrold Kuphal	8	2021-09-05 04:15:52.004898	2021-09-05 04:15:52.004898
20	Mrs. Oscar Waters	9	2021-09-05 04:15:52.011261	2021-09-05 04:15:52.011261
21	Everette Beier DC	9	2021-09-05 04:15:52.015079	2021-09-05 04:15:52.015079
22	Pres. Retta Upton	10	2021-09-05 04:15:52.021475	2021-09-05 04:15:52.021475
23	Adrien Monahan JD	10	2021-09-05 04:15:52.024797	2021-09-05 04:15:52.024797
24	Jacquiline Parisian II	11	2021-09-05 04:15:52.031124	2021-09-05 04:15:52.031124
25	Chang Gorczany	12	2021-09-05 04:15:52.037354	2021-09-05 04:15:52.037354
26	Dustin Koch	12	2021-09-05 04:15:52.040509	2021-09-05 04:15:52.040509
27	Lawerence Lynch	12	2021-09-05 04:15:52.043732	2021-09-05 04:15:52.043732
28	Elwood Armstrong	12	2021-09-05 04:15:52.046861	2021-09-05 04:15:52.046861
29	Dane Prohaska	12	2021-09-05 04:15:52.049904	2021-09-05 04:15:52.049904
30	Sterling Boyer	13	2021-09-05 04:15:52.074598	2021-09-05 04:15:52.074598
31	Pres. Tristan Dibbert	13	2021-09-05 04:15:52.078691	2021-09-05 04:15:52.078691
32	Waldo Balistreri MD	13	2021-09-05 04:15:52.081856	2021-09-05 04:15:52.081856
33	Dr. Nolan Fadel	13	2021-09-05 04:15:52.085101	2021-09-05 04:15:52.085101
34	Jessie Heaney	14	2021-09-05 04:15:52.092318	2021-09-05 04:15:52.092318
35	Lucila Hansen	14	2021-09-05 04:15:52.095547	2021-09-05 04:15:52.095547
36	Mark Welch	14	2021-09-05 04:15:52.098497	2021-09-05 04:15:52.098497
37	Ivette Stoltenberg	15	2021-09-05 04:15:52.10442	2021-09-05 04:15:52.10442
38	Carmelita Ward	15	2021-09-05 04:15:52.107656	2021-09-05 04:15:52.107656
39	Su Spencer	15	2021-09-05 04:15:52.110891	2021-09-05 04:15:52.110891
40	Krissy Tillman	15	2021-09-05 04:15:52.11432	2021-09-05 04:15:52.11432
41	Pres. Jamison Blanda	16	2021-09-05 04:15:52.120803	2021-09-05 04:15:52.120803
42	Clorinda Friesen	17	2021-09-05 04:15:52.127129	2021-09-05 04:15:52.127129
43	Beverley Russel	17	2021-09-05 04:15:52.130342	2021-09-05 04:15:52.130342
44	Ms. Yvonne Lang	18	2021-09-05 04:15:52.136562	2021-09-05 04:15:52.136562
45	Krystyna Runolfsdottir	18	2021-09-05 04:15:52.139778	2021-09-05 04:15:52.139778
46	Dwayne Prosacco	19	2021-09-05 04:15:52.14579	2021-09-05 04:15:52.14579
47	Carson Macejkovic	19	2021-09-05 04:15:52.148928	2021-09-05 04:15:52.148928
48	Teena Lemke	19	2021-09-05 04:15:52.152067	2021-09-05 04:15:52.152067
49	Keren Jacobs MD	19	2021-09-05 04:15:52.155351	2021-09-05 04:15:52.155351
50	Ariel Hintz Esq.	19	2021-09-05 04:15:52.158608	2021-09-05 04:15:52.158608
51	Rev. Gino DuBuque	20	2021-09-05 04:15:52.164817	2021-09-05 04:15:52.164817
52	Macie Wiza	20	2021-09-05 04:15:52.168183	2021-09-05 04:15:52.168183
53	Kevin Fay	21	2021-09-05 04:15:52.174478	2021-09-05 04:15:52.174478
54	Claudio Littel	21	2021-09-05 04:15:52.177864	2021-09-05 04:15:52.177864
55	Norah Green Sr.	21	2021-09-05 04:15:52.180924	2021-09-05 04:15:52.180924
56	Dorothea Roob	21	2021-09-05 04:15:52.183995	2021-09-05 04:15:52.183995
57	Jeana Emmerich LLD	22	2021-09-05 04:15:52.190317	2021-09-05 04:15:52.190317
58	Gracia Willms	23	2021-09-05 04:15:52.197145	2021-09-05 04:15:52.197145
59	Carey Monahan	23	2021-09-05 04:15:52.200307	2021-09-05 04:15:52.200307
60	Fr. Lona Rohan	23	2021-09-05 04:15:52.203522	2021-09-05 04:15:52.203522
61	Georgetta Ruecker	23	2021-09-05 04:15:52.20675	2021-09-05 04:15:52.20675
62	Joanie Daniel JD	23	2021-09-05 04:15:52.210317	2021-09-05 04:15:52.210317
63	Buster Mitchell	24	2021-09-05 04:15:52.216521	2021-09-05 04:15:52.216521
64	Marilyn Dare	24	2021-09-05 04:15:52.21965	2021-09-05 04:15:52.21965
65	Manuel Bailey	25	2021-09-05 04:15:52.225743	2021-09-05 04:15:52.225743
66	Zandra Weissnat	25	2021-09-05 04:15:52.22892	2021-09-05 04:15:52.22892
67	Evonne O'Keefe	25	2021-09-05 04:15:52.232056	2021-09-05 04:15:52.232056
68	Fr. Leandro Altenwerth	26	2021-09-05 04:15:52.238202	2021-09-05 04:15:52.238202
69	Emanuel Shields	27	2021-09-05 04:15:52.24442	2021-09-05 04:15:52.24442
70	Dr. Margit Champlin	28	2021-09-05 04:15:52.250618	2021-09-05 04:15:52.250618
71	Fr. Tara Morar	28	2021-09-05 04:15:52.253877	2021-09-05 04:15:52.253877
72	Yaeko Gottlieb	28	2021-09-05 04:15:52.256937	2021-09-05 04:15:52.256937
73	Amb. Merle Boyle	28	2021-09-05 04:15:52.2605	2021-09-05 04:15:52.2605
74	Kathrine Graham	28	2021-09-05 04:15:52.263608	2021-09-05 04:15:52.263608
75	Mario Conroy	29	2021-09-05 04:15:52.269672	2021-09-05 04:15:52.269672
76	Onita Wolf	29	2021-09-05 04:15:52.273123	2021-09-05 04:15:52.273123
77	Marta Schamberger	29	2021-09-05 04:15:52.277159	2021-09-05 04:15:52.277159
78	Emmy Terry DC	29	2021-09-05 04:15:52.28482	2021-09-05 04:15:52.28482
79	Cari Herman	30	2021-09-05 04:15:52.297466	2021-09-05 04:15:52.297466
80	Allan Lubowitz	31	2021-09-05 04:15:52.311313	2021-09-05 04:15:52.311313
81	William Walter	31	2021-09-05 04:15:52.315319	2021-09-05 04:15:52.315319
82	Rich Wilderman LLD	32	2021-09-05 04:15:52.323211	2021-09-05 04:15:52.323211
83	Booker Huels Ret.	33	2021-09-05 04:15:52.330979	2021-09-05 04:15:52.330979
84	Elanor Berge	33	2021-09-05 04:15:52.334927	2021-09-05 04:15:52.334927
85	Ricky Gorczany	33	2021-09-05 04:15:52.338427	2021-09-05 04:15:52.338427
86	Taylor Bruen DVM	33	2021-09-05 04:15:52.342451	2021-09-05 04:15:52.342451
87	Muoi Blick	33	2021-09-05 04:15:52.346537	2021-09-05 04:15:52.346537
88	Msgr. Lida Altenwerth	34	2021-09-05 04:15:52.353943	2021-09-05 04:15:52.353943
89	Charis Pfannerstill	34	2021-09-05 04:15:52.365281	2021-09-05 04:15:52.365281
90	Jordan Boehm	34	2021-09-05 04:15:52.368785	2021-09-05 04:15:52.368785
91	Ms. Shelia Kiehn	34	2021-09-05 04:15:52.372998	2021-09-05 04:15:52.372998
92	Msgr. Elvis MacGyver	35	2021-09-05 04:15:52.381376	2021-09-05 04:15:52.381376
93	Dorla Rogahn	36	2021-09-05 04:15:52.389135	2021-09-05 04:15:52.389135
94	Branda Strosin	36	2021-09-05 04:15:52.393606	2021-09-05 04:15:52.393606
95	Dotty Cremin	37	2021-09-05 04:15:52.402048	2021-09-05 04:15:52.402048
96	Mrs. Lila Collier	37	2021-09-05 04:15:52.406516	2021-09-05 04:15:52.406516
97	Garrett Russel	37	2021-09-05 04:15:52.410533	2021-09-05 04:15:52.410533
98	Tad Reichel VM	38	2021-09-05 04:15:52.419102	2021-09-05 04:15:52.419102
99	Joseph Morissette	38	2021-09-05 04:15:52.42306	2021-09-05 04:15:52.42306
100	Whitney Purdy	38	2021-09-05 04:15:52.427338	2021-09-05 04:15:52.427338
101	Newton Nicolas	38	2021-09-05 04:15:52.431515	2021-09-05 04:15:52.431515
102	Evangeline Beier	39	2021-09-05 04:15:52.439584	2021-09-05 04:15:52.439584
103	Graig Kessler	39	2021-09-05 04:15:52.443667	2021-09-05 04:15:52.443667
104	Star VonRueden DVM	40	2021-09-05 04:15:52.455896	2021-09-05 04:15:52.455896
105	Howard Keebler	40	2021-09-05 04:15:52.461146	2021-09-05 04:15:52.461146
106	Hilario Greenfelder Jr.	41	2021-09-05 04:15:52.475273	2021-09-05 04:15:52.475273
107	Anamaria Purdy	41	2021-09-05 04:15:52.481709	2021-09-05 04:15:52.481709
108	Rev. Winona Sauer	41	2021-09-05 04:15:52.48827	2021-09-05 04:15:52.48827
109	Ronny Bode	41	2021-09-05 04:15:52.496588	2021-09-05 04:15:52.496588
110	Teresia Rosenbaum	42	2021-09-05 04:15:52.507516	2021-09-05 04:15:52.507516
111	Nydia Cartwright	43	2021-09-05 04:15:52.517075	2021-09-05 04:15:52.517075
112	Ron Lemke	43	2021-09-05 04:15:52.521896	2021-09-05 04:15:52.521896
113	Sharen Abbott CPA	43	2021-09-05 04:15:52.529324	2021-09-05 04:15:52.529324
114	Sasha Pfeffer	43	2021-09-05 04:15:52.535339	2021-09-05 04:15:52.535339
115	Doloris Rosenbaum	43	2021-09-05 04:15:52.541483	2021-09-05 04:15:52.541483
116	Ms. Rodger Greenholt	44	2021-09-05 04:15:52.552953	2021-09-05 04:15:52.552953
117	Bud Witting III	44	2021-09-05 04:15:52.558971	2021-09-05 04:15:52.558971
118	Gov. Sibyl Torp	44	2021-09-05 04:15:52.564367	2021-09-05 04:15:52.564367
119	Bret Auer	44	2021-09-05 04:15:52.568036	2021-09-05 04:15:52.568036
120	Arnita Purdy	44	2021-09-05 04:15:52.571628	2021-09-05 04:15:52.571628
121	Donald Bahringer	45	2021-09-05 04:15:52.57953	2021-09-05 04:15:52.57953
122	Lisbeth Hilpert	45	2021-09-05 04:15:52.582561	2021-09-05 04:15:52.582561
123	Luci Pacocha III	45	2021-09-05 04:15:52.585908	2021-09-05 04:15:52.585908
124	Ms. Laurene Blick	45	2021-09-05 04:15:52.589383	2021-09-05 04:15:52.589383
125	Clyde Schmitt	45	2021-09-05 04:15:52.592496	2021-09-05 04:15:52.592496
126	Waldo Lind	46	2021-09-05 04:15:52.626225	2021-09-05 04:15:52.626225
127	Dee Powlowski	46	2021-09-05 04:15:52.629563	2021-09-05 04:15:52.629563
128	Jared Parisian	46	2021-09-05 04:15:52.632706	2021-09-05 04:15:52.632706
129	Dorothea Stamm	47	2021-09-05 04:15:52.638877	2021-09-05 04:15:52.638877
130	Lorna Bernier	47	2021-09-05 04:15:52.642151	2021-09-05 04:15:52.642151
131	Lou Braun JD	47	2021-09-05 04:15:52.645673	2021-09-05 04:15:52.645673
132	Judson Abbott	48	2021-09-05 04:15:52.651724	2021-09-05 04:15:52.651724
133	Nathaniel Effertz	49	2021-09-05 04:15:52.657931	2021-09-05 04:15:52.657931
134	Rev. Maryann Kerluke	49	2021-09-05 04:15:52.661202	2021-09-05 04:15:52.661202
135	Fr. Xavier Lind	49	2021-09-05 04:15:52.664402	2021-09-05 04:15:52.664402
136	Dung Hills DVM	50	2021-09-05 04:15:52.670632	2021-09-05 04:15:52.670632
137	Chris Beer V	50	2021-09-05 04:15:52.673757	2021-09-05 04:15:52.673757
\.


--
-- Data for Name: schema_migrations; Type: TABLE DATA; Schema: public; Owner: recruitd_user
--

COPY public.schema_migrations (version) FROM stdin;
20210902182043
20210902183033
20210905030209
\.


--
-- Data for Name: users; Type: TABLE DATA; Schema: public; Owner: recruitd_user
--

COPY public.users (id, email, encrypted_password, reset_password_token, reset_password_sent_at, remember_created_at, first_name, last_name, created_at, updated_at) FROM stdin;
1	karmen@torphy-veum.com	$2a$12$wZCVT2VB2W9NBJHNtsdVwOUhIro8OGbVLW.AEv6EecNlrP/jJPAOy	\N	\N	\N	Bianca	Mayert	2021-09-05 03:45:45.955797	2021-09-05 03:45:45.955797
2	sydney@stanton-rosenbaum.io	$2a$12$WZoZbfzNbHVn1/gaHzMWkeuOhSZFWD8/5BD9IyMIjMYSCEr39FdRm	\N	\N	\N	Kathie	Gibson	2021-09-05 03:45:47.424266	2021-09-05 03:45:47.424266
3	temple@oconnell-aufderhar.io	$2a$12$ruMW.eokSxd5OBjRL8tt4.ljS3cZB.i/qAnDq/FstsGt8BWSZHsrG	\N	\N	\N	Beryl	Bailey	2021-09-05 03:45:48.893226	2021-09-05 03:45:48.893226
4	daisy@prohaska-boyer.io	$2a$12$aWqqeU0hF0km/9Vn5h5zIuA42GQ/RUGeZ837e2j3HplUvGw9mopMO	\N	\N	\N	Shayne	Langosh	2021-09-05 03:45:50.358184	2021-09-05 03:45:50.358184
5	mikel@heidenreich.biz	$2a$12$DI/9xSTGpxRNLJDm9dssAOCSkXOvhga.8sUcekleKoc4qFnIAX4Dq	\N	\N	\N	Wallace	Mohr	2021-09-05 03:45:51.823013	2021-09-05 03:45:51.823013
6	tim@christiansen.co	$2a$12$1CtQ8VFtJEQu5XZ2h17wCOMiK2MNdiPlaNKQs0JllcwE/rPUS81mC	\N	\N	\N	Ramona	Dare	2021-09-05 03:45:53.304215	2021-09-05 03:45:53.304215
7	forest@harvey.net	$2a$12$ew0Ml.R6EWtAEs7cX23vTeXUVWhxep2DrksUHLcbUozJpJfsQEr62	\N	\N	\N	Eneida	Morissette	2021-09-05 03:45:54.772671	2021-09-05 03:45:54.772671
8	louisa@kilback-olson.info	$2a$12$sWvu5jfTlVquFhNcwUQQHuKEsuSDcPagoO0/t14/2lf1ZBrGcHvZC	\N	\N	\N	Armand	Carroll	2021-09-05 03:45:56.241386	2021-09-05 03:45:56.241386
9	coleen_murazik@spencer-dicki.co	$2a$12$6hkb0czvWjiUTcKIGl/B1OE6wfOwzbh713bREVAMn9we8YEuYq5fy	\N	\N	\N	Lawrence	Conroy	2021-09-05 03:45:57.707877	2021-09-05 03:45:57.707877
10	johnie@borer.org	$2a$12$ewY6nmprFqjQdXS93Msde.gKgV.ZakJb5xOECWyVbi.pK4zhX7d4y	\N	\N	\N	Jacques	Kertzmann	2021-09-05 03:45:59.175448	2021-09-05 03:45:59.175448
11	raymond@smith-dietrich.com	$2a$12$xMxysXA0J2bDxdsWXBa3kunDmMRwMaAFZzy3y6VY6laBEql4DVQw.	\N	\N	\N	Shera	Donnelly	2021-09-05 03:46:00.643446	2021-09-05 03:46:00.643446
12	edward.schaden@hane.co	$2a$12$4cwXEQnbasNAQSTJxb9nHu9EW9VRAR7VN5h08.uOZ0ilRD2JhjvDO	\N	\N	\N	Carlita	Graham	2021-09-05 03:46:02.111275	2021-09-05 03:46:02.111275
13	bridget_keeling@hirthe-osinski.co	$2a$12$QhRZQhHDQggXwH2RslHMnumGLOhJZLJWcZU2UwlQ1Oyuf8/Sk1dNy	\N	\N	\N	Angelina	Johnston	2021-09-05 03:46:03.578169	2021-09-05 03:46:03.578169
14	hank.wolf@lakin-littel.org	$2a$12$p8CTgUcwXiwDI5k7RDBhvOXaGc3Rjy.F.ktdUuePv.ERDqHXPkOke	\N	\N	\N	Tom	Ebert	2021-09-05 03:46:05.044275	2021-09-05 03:46:05.044275
15	paris.kub@towne.co	$2a$12$ex76lMRCnc5Zfvj6skza3OkLlR12RKM.KOgMAssBJOc3UYLYG0vXy	\N	\N	\N	Brigida	Borer	2021-09-05 03:46:06.51167	2021-09-05 03:46:06.51167
\.


--
-- Name: albums_id_seq; Type: SEQUENCE SET; Schema: public; Owner: recruitd_user
--

SELECT pg_catalog.setval('public.albums_id_seq', 50, true);


--
-- Name: photos_id_seq; Type: SEQUENCE SET; Schema: public; Owner: recruitd_user
--

SELECT pg_catalog.setval('public.photos_id_seq', 137, true);


--
-- Name: users_id_seq; Type: SEQUENCE SET; Schema: public; Owner: recruitd_user
--

SELECT pg_catalog.setval('public.users_id_seq', 15, true);


--
-- Name: albums albums_pkey; Type: CONSTRAINT; Schema: public; Owner: recruitd_user
--

ALTER TABLE ONLY public.albums
    ADD CONSTRAINT albums_pkey PRIMARY KEY (id);


--
-- Name: ar_internal_metadata ar_internal_metadata_pkey; Type: CONSTRAINT; Schema: public; Owner: recruitd_user
--

ALTER TABLE ONLY public.ar_internal_metadata
    ADD CONSTRAINT ar_internal_metadata_pkey PRIMARY KEY (key);


--
-- Name: photos photos_pkey; Type: CONSTRAINT; Schema: public; Owner: recruitd_user
--

ALTER TABLE ONLY public.photos
    ADD CONSTRAINT photos_pkey PRIMARY KEY (id);


--
-- Name: schema_migrations schema_migrations_pkey; Type: CONSTRAINT; Schema: public; Owner: recruitd_user
--

ALTER TABLE ONLY public.schema_migrations
    ADD CONSTRAINT schema_migrations_pkey PRIMARY KEY (version);


--
-- Name: users users_pkey; Type: CONSTRAINT; Schema: public; Owner: recruitd_user
--

ALTER TABLE ONLY public.users
    ADD CONSTRAINT users_pkey PRIMARY KEY (id);


--
-- Name: index_photos_on_album_id; Type: INDEX; Schema: public; Owner: recruitd_user
--

CREATE INDEX index_photos_on_album_id ON public.photos USING btree (album_id);


--
-- Name: index_users_on_email; Type: INDEX; Schema: public; Owner: recruitd_user
--

CREATE UNIQUE INDEX index_users_on_email ON public.users USING btree (email);


--
-- Name: index_users_on_reset_password_token; Type: INDEX; Schema: public; Owner: recruitd_user
--

CREATE UNIQUE INDEX index_users_on_reset_password_token ON public.users USING btree (reset_password_token);


--
-- Name: photos fk_rails_2593557582; Type: FK CONSTRAINT; Schema: public; Owner: recruitd_user
--

ALTER TABLE ONLY public.photos
    ADD CONSTRAINT fk_rails_2593557582 FOREIGN KEY (album_id) REFERENCES public.albums(id);


--
-- PostgreSQL database dump complete
--

